BEGIN;
-- TRUNCATE TABLE raw_interviews, raw_applications, raw_candidates RESTART IDENTITY;

INSERT INTO raw_candidates (candidate_id, full_name, source, profile_created_date) VALUES
(1,  'Alessia Romano',       'LinkedIn',     '2025-01-05'),
(2,  'Marco Bianchi',        'Referral',     '2025-01-07'),
(3,  'Giulia Conti',         'Career Page',  '2025-01-12'),
(4,  'Luca Ferri',           'Agency',       '2025-01-15'),
(5,  'Sara Greco',           'LinkedIn',     '2025-01-20'),
(6,  'Davide Rinaldi',       'Meetup',       '2025-01-22'),
(7,  'Francesca Moretti',    'University',   '2025-01-28'),
(8,  'Matteo Gallo',         'Career Page',  '2025-02-02'),
(9,  'Elena Costa',          'LinkedIn',     '2025-02-06'),
(10, 'Simone Ricci',         'Referral',     '2025-02-08'),
(11, 'Chiara Lombardi',      'Career Page',  '2025-02-10'),
(12, 'Andrea Barbieri',      'Agency',       '2025-02-15'),
(13, 'Valentina Marino',     'LinkedIn',     '2025-02-19'),
(14, 'Federico De Luca',     'Referral',     '2025-02-21'),
(15, 'Martina Giordano',     'Career Page',  '2025-02-25'),
(16, 'Giorgio Mancini',      'Meetup',       '2025-03-01'),
(17, 'Ilaria Colombo',       'University',   '2025-03-04'),
(18, 'Paolo Caruso',         'LinkedIn',     '2025-03-06'),
(19, 'Beatrice Villa',       'Career Page',  '2025-03-08'),
(20, 'Nicolo Serra',         'Agency',       '2025-03-11'),
(21, 'Alice Fontana',        'Referral',     '2025-03-15'),
(22, 'Tommaso Esposito',     'LinkedIn',     '2025-03-18'),
(23, 'Miriam Leone',         'Career Page',  '2025-03-22'),
(24, 'Stefano Russo',        'Meetup',       '2025-03-24'),
(25, 'Laura Rizzo',          'University',   '2025-03-29'),
(26, 'Edoardo Carli',        'Agency',       '2025-04-02'),
(27, 'Caterina Gentile',     'LinkedIn',     '2025-04-05'),
(28, 'Franco Amato',         'Referral',     '2025-04-09'),
(29, 'Noemi Santoro',        'Career Page',  '2025-04-12'),
(30, 'Riccardo Fabbri',      'LinkedIn',     '2025-04-16'),
(31, 'Sofia Piras',          'Meetup',       '2025-04-20'),
(32, 'Alberto Sala',         'University',   '2025-04-24'),
(33, 'Gaia Monti',           'Career Page',  '2025-04-29'),
(34, 'Pietro Ferrara',       'Agency',       '2025-05-03'),
(35, 'Eleonora Testa',       'LinkedIn',     '2025-05-06'),
(36, 'Salvatore Longo',      'Referral',     '2025-05-10'),
(37, 'Aurora Bernardi',      'Career Page',  '2025-05-14'),
(38, 'Michele Neri',         'LinkedIn',     '2025-05-18'),
(39, 'Camilla Grassi',       'Meetup',       '2025-05-22'),
(40, 'Roberto Palmieri',     'University',   '2025-05-26'),
(41, 'Ginevra Marchetti',    'Agency',       '2025-06-01'),
(42, 'Antonio Fiore',        'LinkedIn',     '2025-06-05'),
(43, 'Rebecca Vitale',       'Career Page',  '2025-06-09'),
(44, 'Daniele Sanna',        'Referral',     '2025-06-13'),
(45, 'Serena Farina',        'LinkedIn',     '2025-06-17'),
(46, 'Cristian Pagano',      'Meetup',       '2025-06-21'),
(47, 'Veronica Gatti',       'University',   '2025-06-26'),
(48, 'Filippo Martini',      'Agency',       '2025-07-01'),
(49, 'Irene Basile',         'Career Page',  '2025-07-05'),
(50, 'Lorenzo Pellegrini',   'LinkedIn',     '2025-07-10');

-- 50 applications (some active: decision_date NULL; some expected_salary NULL)
INSERT INTO raw_applications (app_id, candidate_id, role_level, applied_date, decision_date, expected_salary) VALUES
(1001,  1,  'Junior',    '2025-01-10', '2025-01-25',  35000.00),
(1002,  2,  'Senior',    '2025-01-12', '2025-02-02',  65000.00),
(1003,  3,  'Junior',    '2025-01-20', NULL,          32000.00),
(1004,  4,  'Executive', '2025-01-28', '2025-02-20', 120000.00),
(1005,  5,  'Senior',    '2025-02-01', '2025-02-18',  72000.00),
(1006,  6,  'Junior',    '2025-02-03', '2025-02-10',  30000.00),
(1007,  7,  'Junior',    '2025-02-01', NULL,          NULL),
(1008,  8,  'Senior',    '2025-02-10', '2025-03-01',  68000.00),
(1009,  9,  'Executive', '2025-02-12', '2025-03-10', 130000.00),
(1010, 10,  'Junior',    '2025-02-15', '2025-02-28',  34000.00),

(1011, 11,  'Senior',    '2025-02-18', NULL,          70000.00),
(1012, 12,  'Senior',    '2025-02-20', '2025-03-05',  75000.00),
(1013, 13,  'Junior',    '2025-02-25', '2025-03-02',  36000.00),
(1014, 14,  'Executive', '2025-03-01', NULL,         140000.00),
(1015, 15,  'Junior',    '2025-03-05', '2025-03-22',  33000.00),
(1016, 16,  'Senior',    '2025-03-10', '2025-03-25',  67000.00),
(1017, 17,  'Junior',    '2025-03-12', '2025-03-18',  NULL),
(1018, 18,  'Senior',    '2025-03-15', '2025-04-02',  80000.00),
(1019, 19,  'Junior',    '2025-03-18', NULL,          31000.00),
(1020, 20,  'Executive', '2025-03-20', '2025-04-15', 110000.00),

(1021, 21,  'Senior',    '2025-03-25', '2025-04-05',  69000.00),
(1022, 22,  'Junior',    '2025-03-28', '2025-04-08',  35500.00),
(1023, 23,  'Senior',    '2025-04-01', NULL,          73000.00),
(1024, 24,  'Junior',    '2025-04-05', '2025-04-07',  29500.00),
(1025, 25,  'Executive', '2025-04-10', '2025-05-02', 125000.00),
(1026, 26,  'Senior',    '2025-04-12', '2025-04-30',  NULL),
(1027, 27,  'Junior',    '2025-04-15', NULL,          34000.00),
(1028, 28,  'Senior',    '2025-04-18', '2025-05-01',  66000.00),
(1029, 29,  'Junior',    '2025-04-20', '2025-05-10',  32000.00),
(1030, 30,  'Executive', '2025-04-22', NULL,         150000.00),

(1031, 31,  'Junior',    '2025-04-25', '2025-05-05',  31000.00),
(1032, 32,  'Senior',    '2025-04-28', '2025-05-20',  71000.00),
(1033, 33,  'Senior',    '2025-05-02', NULL,          78000.00),
(1034, 34,  'Executive', '2025-05-05', '2025-06-01', 115000.00),
(1035, 35,  'Junior',    '2025-05-10', '2025-05-30',  36000.00),
(1036, 36,  'Senior',    '2025-05-12', '2025-05-18',  64000.00),
(1037, 37,  'Junior',    '2025-05-15', NULL,          NULL),
(1038, 38,  'Executive', '2025-05-18', '2025-06-20', 135000.00),
(1039, 39,  'Senior',    '2025-05-20', '2025-06-05',  82000.00),
(1040, 40,  'Junior',    '2025-05-24', '2025-06-10',  30000.00),

(1041, 41,  'Senior',    '2025-06-03', NULL,          76000.00),
(1042, 42,  'Junior',    '2025-06-07', '2025-06-25',  34500.00),
(1043, 43,  'Executive', '2025-06-12', '2025-07-15', 160000.00),
(1044, 44,  'Senior',    '2025-06-16', '2025-07-01',  70000.00),
(1045, 45,  'Junior',    '2025-06-20', NULL,          33500.00),
(1046, 46,  'Senior',    '2025-06-24', '2025-07-10',  68000.00),
(1047, 47,  'Junior',    '2025-06-28', '2025-07-20',  NULL),
(1048, 48,  'Executive', '2025-07-03', NULL,         145000.00),
(1049, 49,  'Senior',    '2025-07-07', '2025-08-05',  79000.00),
(1050, 50,  'Junior',    '2025-07-12', NULL,          32500.00);

-- 50 interviews:
-- - mix of Passed/Rejected/No Show
-- - some apps have multiple interviews (same app_id repeats)
-- - a few have NULL outcome (allowed) to represent missing capture
INSERT INTO raw_interviews (interview_id, app_id, interview_date, outcome) VALUES
(2001, 1001, '2025-01-15', 'Passed'),
(2002, 1001, '2025-01-20', 'Passed'),
(2003, 1002, '2025-01-18', 'Passed'),
(2004, 1002, '2025-01-28', 'Rejected'),
(2005, 1003, '2025-01-26', NULL),
(2006, 1004, '2025-02-03', 'Passed'),
(2007, 1004, '2025-02-12', 'Passed'),
(2008, 1004, '2025-02-18', 'Rejected'),
(2009, 1005, '2025-02-06', 'No Show'),
(2010, 1006, '2025-02-05', 'Rejected'),

(2011, 1007, '2025-02-08', 'Passed'),
(2012, 1008, '2025-02-15', 'Passed'),
(2013, 1008, '2025-02-22', 'Passed'),
(2014, 1009, '2025-02-20', 'Passed'),
(2015, 1009, '2025-03-03', 'Passed'),
(2016, 1010, '2025-02-20', 'Rejected'),
(2017, 1011, '2025-02-25', NULL),
(2018, 1012, '2025-02-26', 'Passed'),
(2019, 1012, '2025-03-02', 'Rejected'),
(2020, 1013, '2025-02-28', 'Passed'),

(2021, 1014, '2025-03-10', 'No Show'),
(2022, 1015, '2025-03-12', 'Passed'),
(2023, 1015, '2025-03-18', 'Rejected'),
(2024, 1016, '2025-03-15', 'Passed'),
(2025, 1016, '2025-03-22', 'Passed'),
(2026, 1017, '2025-03-14', 'Rejected'),
(2027, 1018, '2025-03-20', 'Passed'),
(2028, 1018, '2025-03-28', 'Passed'),
(2029, 1018, '2025-04-01', 'Passed'),
(2030, 1019, '2025-03-25', 'No Show'),

(2031, 1020, '2025-03-28', 'Passed'),
(2032, 1020, '2025-04-08', 'Rejected'),
(2033, 1021, '2025-03-30', 'Passed'),
(2034, 1022, '2025-04-02', 'Rejected'),
(2035, 1023, '2025-04-10', NULL),
(2036, 1024, '2025-04-06', 'Passed'),
(2037, 1025, '2025-04-18', 'Passed'),
(2038, 1025, '2025-04-28', 'Passed'),
(2039, 1026, '2025-04-20', 'Rejected'),
(2040, 1027, '2025-04-22', 'No Show'),

(2041, 1028, '2025-04-25', 'Passed'),
(2042, 1028, '2025-04-29', 'Rejected'),
(2043, 1029, '2025-04-26', 'Passed'),
(2044, 1030, '2025-05-05', 'Passed'),
(2045, 1030, '2025-05-20', 'Passed'),
(2046, 1031, '2025-05-01', 'Rejected'),
(2047, 1032, '2025-05-10', 'Passed'),
(2048, 1033, '2025-05-12', NULL),
(2049, 1034, '2025-05-20', 'Passed'),
(2050, 1035, '2025-05-22', 'No Show');

COMMIT;
